<?xml version="1.0" encoding="UTF-8"?>
<project-private xmlns="http://www.netbeans.org/ns/project-private/1">
    <editor-bookmarks xmlns="http://www.netbeans.org/ns/editor-bookmarks/2" lastBookmarkId="0"/>
    <open-files xmlns="http://www.netbeans.org/ns/projectui-open-files/2">
        <group>
            <file>file:/C:/Users/Shashika/Documents/NetBeansProjects/LibraryManagementSystem/src/DB/LendFacade.java</file>
            <file>file:/C:/Users/Shashika/Documents/NetBeansProjects/LibraryManagementSystem/src/DB/Books.java</file>
            <file>file:/C:/Users/Shashika/Documents/NetBeansProjects/LibraryManagementSystem/src/UI/MainUI.java</file>
            <file>file:/C:/Users/Shashika/Documents/NetBeansProjects/LibraryManagementSystem/src/UI/MemberDetails.java</file>
            <file>file:/C:/Users/Shashika/Documents/NetBeansProjects/LibraryManagementSystem/src/DB/Database.java</file>
            <file>file:/C:/Users/Shashika/Documents/NetBeansProjects/LibraryManagementSystem/src/UI/LendBook.java</file>
        </group>
    </open-files>
</project-private>
